Phi,count_ok,light_claims_ok,max_face_weight,max_half_faces,max_light_faces,n,sum_weight,violations,weight_bound_ok
5,True,True,1.0,2,1,5,5.0,0,True
8,True,True,1.0,2,1,6,8.0,0,True
14,True,True,1.0,2,1,7,14.0,0,True
20,True,True,1.0,2,1,8,20.0,0,True
30,True,True,1.0,2,1,9,30.0,0,True
40,True,True,1.0,2,1,10,40.0,0,True
55,True,True,1.0,2,1,11,55.0,0,True
70,True,True,1.0,2,1,12,70.0,0,True
91,True,,,,,13,91.0,,
112,True,,,,,14,112.0,,
140,True,,,,,15,140.0,,
168,True,,,,,16,168.0,,
204,True,,,,,17,204.0,,
240,True,,,,,18,240.0,,
285,True,,,,,19,285.0,,
330,True,,,,,20,330.0,,
385,True,,,,,21,385.0,,
440,True,,,,,22,440.0,,
506,True,,,,,23,506.0,,
572,True,,,,,24,572.0,,
650,True,,,,,25,650.0,,
728,True,,,,,26,728.0,,
819,True,,,,,27,819.0,,
910,True,,,,,28,910.0,,
1015,True,,,,,29,1015.0,,
1120,True,,,,,30,1120.0,,
1240,True,,,,,31,1240.0,,
1360,True,,,,,32,1360.0,,
1496,True,,,,,33,1496.0,,
1632,True,,,,,34,1632.0,,
1785,True,,,,,35,1785.0,,
1938,True,,,,,36,1938.0,,
2109,True,,,,,37,2109.0,,
2280,True,,,,,38,2280.0,,
2470,True,,,,,39,2470.0,,
2660,True,,,,,40,2660.0,,
2870,True,,,,,41,2870.0,,
3080,True,,,,,42,3080.0,,
3311,True,,,,,43,3311.0,,
3542,True,,,,,44,3542.0,,
3795,True,,,,,45,3795.0,,
4048,True,,,,,46,4048.0,,
4324,True,,,,,47,4324.0,,
4600,True,,,,,48,4600.0,,
4900,True,,,,,49,4900.0,,
5200,True,,,,,50,5200.0,,
5525,True,,,,,51,5525.0,,
5850,True,,,,,52,5850.0,,
6201,True,,,,,53,6201.0,,
6552,True,,,,,54,6552.0,,
6930,True,,,,,55,6930.0,,
7308,True,,,,,56,7308.0,,
7714,True,,,,,57,7714.0,,
8120,True,,,,,58,8120.0,,
8555,True,,,,,59,8555.0,,
8990,True,,,,,60,8990.0,,
