n,triangulations,triples,greedy_best,Phi,greedy_equals_phi,T_exact,lp,certified,t_enum,t_incidence,t_milp,t_lp
5,5,10,5,5,True,5,5.0,True,0.0,0.0,0.006,0.003
6,14,20,8,8,True,8,8.0,True,0.0,0.0,0.016,0.003
7,42,35,14,14,True,14,14.0,True,0.0,0.0,0.011,0.003
8,132,56,20,20,True,20,20.0,True,0.004,0.001,0.011,0.004
9,429,84,30,30,True,30,30.0,True,0.003,0.003,0.035,0.014
10,1430,120,40,40,True,40,40.0,True,0.019,0.02,0.096,0.025
11,4862,165,55,55,True,55,55.00000000000001,True,0.045,0.052,0.336,0.112
12,16796,220,70,70,True,70,70.0,True,0.206,0.232,1.713,0.417
13,58786,286,,91,,91,91.0,True,0.924,1.177,22.509,1.871
